,area,date,mean_temp,mean_humid,sun_time,min_temp,max_temp,sum_rain
0,佐賀,2022-05-10,21.1,60.0,3.1,17.1,26.5,0.0
1,佐賀,2022-05-11,21.4,83.0,0.2,18.6,24.5,9.5
2,佐賀,2022-05-12,21.1,90.0,0.7,19.2,24.0,13.0
3,佐賀,2022-05-13,20.0,94.0,0.0,19.3,21.3,24.0
4,佐賀,2022-05-14,19.7,59.0,10.9,15.7,24.1,0.0
5,佐賀,2022-05-15,17.0,64.0,0.4,13.0,21.5,0.0
6,佐賀,2022-05-16,18.3,57.0,2.8,14.2,22.8,0.0
7,佐賀,2022-05-17,19.7,47.0,10.1,13.2,26.9,0.0
8,佐賀,2022-05-18,21.1,40.0,12.4,13.8,28.5,0.0
9,佐賀,2022-05-19,20.7,50.0,2.0,14.8,26.9,0.0
10,佐賀,2022-05-01,16.3,59.0,6.1,12.9,21.0,0.0
11,佐賀,2022-05-20,20.1,63.0,0.3,17.6,23.7,0.0
12,佐賀,2022-05-21,22.0,56.0,10.4,16.0,28.7,0.0
13,佐賀,2022-05-22,22.6,58.0,13.1,15.7,29.5,0.0
14,佐賀,2022-05-23,22.2,65.0,1.8,17.6,27.7,0.0
15,佐賀,2022-05-24,24.6,60.0,12.0,18.1,32.3,0.0
16,佐賀,2022-05-25,25.0,60.0,10.9,20.1,31.7,0.0
17,佐賀,2022-05-26,21.7,84.0,0.0,20.1,24.1,1.0
18,佐賀,2022-05-27,22.7,53.0,13.4,15.6,29.1,0.0
19,佐賀,2022-05-28,23.0,56.0,8.3,16.5,29.6,0.0
20,佐賀,2022-05-29,23.7,50.0,8.7,17.4,30.0,2.0
21,佐賀,2022-05-02,16.6,61.0,11.1,10.0,23.1,0.0
22,佐賀,2022-05-30,20.6,91.0,0.3,16.8,24.3,7.0
23,佐賀,2022-05-03,17.1,56.0,12.9,10.8,23.9,0.0
24,佐賀,2022-05-04,18.0,58.0,11.8,10.7,24.8,0.0
25,佐賀,2022-05-05,20.5,59.0,10.3,13.2,26.5,0.0
26,佐賀,2022-05-06,19.7,80.0,1.1,17.2,22.7,0.5
27,佐賀,2022-05-07,21.8,72.0,7.7,17.1,27.3,0.0
28,佐賀,2022-05-08,21.2,65.0,12.1,17.0,27.9,0.0
29,佐賀,2022-05-09,19.7,64.0,2.5,15.9,26.0,0.0
30,兵庫,2022-05-10,18.2,59.0,8.3,12.1,23.6,0.0
31,兵庫,2022-05-11,20.2,69.0,4.6,17.1,24.0,1.0
32,兵庫,2022-05-12,19.9,85.0,0.0,18.9,21.6,14.5
33,兵庫,2022-05-13,20.5,89.0,0.0,19.4,21.9,21.5
34,兵庫,2022-05-14,19.9,75.0,1.3,17.0,21.8,10.0
35,兵庫,2022-05-15,17.4,51.0,0.7,13.7,19.9,0.0
36,兵庫,2022-05-16,18.2,59.0,1.7,15.6,21.1,0.0
37,兵庫,2022-05-17,18.2,69.0,1.7,16.3,20.5,0.0
38,兵庫,2022-05-18,20.2,52.0,11.9,14.9,25.5,0.0
39,兵庫,2022-05-19,21.0,56.0,10.0,17.1,26.6,0.0
40,兵庫,2022-05-01,14.5,82.0,1.9,11.6,17.9,17.0
41,兵庫,2022-05-20,21.5,55.0,0.3,19.0,25.2,0.0
42,兵庫,2022-05-21,19.9,66.0,0.1,18.0,22.4,0.0
43,兵庫,2022-05-22,20.8,65.0,12.8,16.6,25.2,0.5
44,兵庫,2022-05-23,22.2,56.0,10.4,18.7,25.3,0.0
45,兵庫,2022-05-24,22.3,57.0,13.2,18.5,27.5,0.0
46,兵庫,2022-05-25,23.3,65.0,12.7,20.1,27.4,0.0
47,兵庫,2022-05-26,22.5,74.0,5.7,19.8,26.0,8.5
48,兵庫,2022-05-27,21.9,70.0,10.4,18.8,26.1,10.5
49,兵庫,2022-05-28,23.6,52.0,13.2,19.4,27.2,0.0
50,兵庫,2022-05-29,24.1,53.0,13.1,19.8,30.6,0.0
51,兵庫,2022-05-02,14.0,59.0,10.0,9.5,18.8,0.5
52,兵庫,2022-05-30,22.0,66.0,3.8,18.3,25.8,7.5
53,兵庫,2022-05-03,14.7,54.0,12.8,10.4,17.9,0.0
54,兵庫,2022-05-04,17.4,64.0,11.9,12.9,21.5,0.0
55,兵庫,2022-05-05,19.1,63.0,11.4,15.0,24.1,0.0
56,兵庫,2022-05-06,20.1,61.0,7.9,17.0,24.7,0.0
57,兵庫,2022-05-07,21.1,61.0,12.0,16.9,26.1,0.0
58,兵庫,2022-05-08,18.1,39.0,11.6,15.5,22.0,0.0
59,兵庫,2022-05-09,15.7,52.0,0.0,14.0,17.2,0.0
60,十勝,2022-05-10,16.0,41.0,13.5,2.3,26.4,0.0
61,十勝,2022-05-11,14.6,59.0,12.5,5.9,27.4,0.0
62,十勝,2022-05-12,14.5,76.0,2.9,8.0,23.4,0.0
63,十勝,2022-05-13,12.7,94.0,0.0,10.4,16.6,1.5
64,十勝,2022-05-14,13.8,84.0,1.6,10.2,18.6,5.5
65,十勝,2022-05-15,12.6,60.0,10.4,6.4,19.4,0.0
66,十勝,2022-05-16,13.2,58.0,12.6,3.5,22.4,0.0
67,十勝,2022-05-17,12.5,65.0,12.7,4.0,22.4,0.0
68,十勝,2022-05-18,13.0,71.0,13.3,5.4,22.6,0.0
69,十勝,2022-05-19,13.2,71.0,8.1,3.7,23.8,0.0
70,十勝,2022-05-01,6.0,76.0,0.0,2.6,10.3,2.0
71,十勝,2022-05-20,16.7,63.0,8.8,10.1,24.1,0.0
72,十勝,2022-05-21,15.3,76.0,11.8,9.3,24.7,0.0
73,十勝,2022-05-22,13.7,93.0,0.2,11.0,16.5,2.5
74,十勝,2022-05-23,14.5,90.0,2.3,11.7,20.9,7.0
75,十勝,2022-05-24,16.8,74.0,11.2,10.6,26.3,0.0
76,十勝,2022-05-25,14.0,81.0,13.6,9.4,21.6,0.0
77,十勝,2022-05-26,14.9,86.0,7.1,10.0,23.8,0.0
78,十勝,2022-05-27,15.0,96.0,0.1,12.6,20.2,18.0
79,十勝,2022-05-28,14.5,90.0,0.0,12.5,16.8,3.0
80,十勝,2022-05-29,15.8,62.0,10.7,11.6,20.3,0.0
81,十勝,2022-05-02,9.2,68.0,7.0,4.9,16.0,1.0
82,十勝,2022-05-30,14.5,67.0,13.5,9.6,20.9,0.0
83,十勝,2022-05-03,8.4,64.0,7.9,1.1,15.1,0.0
84,十勝,2022-05-04,8.9,72.0,4.8,4.4,16.2,0.5
85,十勝,2022-05-05,8.2,71.0,10.1,3.7,15.6,0.0
86,十勝,2022-05-06,12.7,69.0,9.8,4.3,24.9,0.0
87,十勝,2022-05-07,14.0,82.0,3.3,8.1,21.4,0.0
88,十勝,2022-05-08,11.5,57.0,8.4,6.2,16.7,4.0
89,十勝,2022-05-09,11.0,48.0,8.6,1.9,17.7,0.0
90,千葉,2022-05-10,16.6,59.0,10.4,11.7,22.1,1.0
91,千葉,2022-05-11,18.5,61.0,10.1,13.4,24.4,0.0
92,千葉,2022-05-12,19.6,82.0,0.1,17.6,23.4,3.0
93,千葉,2022-05-13,20.2,93.0,0.0,18.4,22.9,50.0
94,千葉,2022-05-14,22.0,84.0,1.9,19.9,24.0,25.0
95,千葉,2022-05-15,18.0,57.0,0.0,16.4,20.3,0.0
96,千葉,2022-05-16,15.0,87.0,0.0,14.0,17.5,8.5
97,千葉,2022-05-17,16.5,79.0,0.0,14.8,18.7,1.0
98,千葉,2022-05-18,19.1,70.0,10.1,14.5,24.4,0.0
99,千葉,2022-05-19,20.5,57.0,9.3,15.2,24.9,0.0
100,千葉,2022-05-01,13.9,71.0,0.1,10.6,18.1,7.5
101,千葉,2022-05-20,21.2,71.0,4.4,18.3,23.8,0.0
102,千葉,2022-05-21,19.5,72.0,0.0,16.0,22.2,5.5
103,千葉,2022-05-22,18.9,72.0,5.8,15.5,24.9,1.0
104,千葉,2022-05-23,19.0,67.0,7.9,15.4,24.8,0.5
105,千葉,2022-05-24,20.5,65.0,11.3,16.4,24.4,0.0
106,千葉,2022-05-25,21.4,67.0,10.5,18.2,25.9,0.0
107,千葉,2022-05-26,21.4,67.0,5.8,17.8,24.6,0.0
108,千葉,2022-05-27,21.8,80.0,0.4,20.0,25.0,11.0
109,千葉,2022-05-28,22.7,63.0,10.6,18.4,28.0,0.0
110,千葉,2022-05-29,23.5,58.0,13.4,19.1,27.6,0.0
111,千葉,2022-05-02,13.9,67.0,3.3,10.3,19.0,5.5
112,千葉,2022-05-30,22.5,64.0,10.6,19.3,26.6,0.0
113,千葉,2022-05-03,14.8,61.0,11.7,10.3,20.1,0.0
114,千葉,2022-05-04,18.5,54.0,12.9,13.7,23.1,0.0
115,千葉,2022-05-05,19.7,66.0,11.6,15.2,24.0,0.0
116,千葉,2022-05-06,19.7,68.0,8.3,17.2,22.6,0.0
117,千葉,2022-05-07,18.8,81.0,1.8,17.3,22.5,6.0
118,千葉,2022-05-08,18.1,61.0,1.6,16.6,22.5,0.0
119,千葉,2022-05-09,14.7,71.0,0.0,11.7,16.9,10.5
120,和歌山,2022-05-10,17.3,67.0,3.8,12.7,23.0,0.0
121,和歌山,2022-05-11,19.0,78.0,3.0,16.6,23.6,0.0
122,和歌山,2022-05-12,19.0,94.0,0.0,18.1,21.2,50.0
123,和歌山,2022-05-13,19.7,95.0,0.0,18.5,21.4,20.0
124,和歌山,2022-05-14,20.0,80.0,4.3,16.7,23.2,9.5
125,和歌山,2022-05-15,16.9,60.0,1.5,13.1,20.3,0.0
126,和歌山,2022-05-16,17.5,69.0,0.6,14.6,21.1,0.0
127,和歌山,2022-05-17,17.6,74.0,1.6,15.2,21.9,0.0
128,和歌山,2022-05-18,19.7,60.0,12.1,13.6,27.2,0.0
129,和歌山,2022-05-19,20.3,53.0,9.3,13.6,27.8,0.0
130,和歌山,2022-05-01,15.2,76.0,4.2,12.6,20.3,7.5
131,和歌山,2022-05-20,20.4,58.0,0.6,16.3,25.1,0.0
132,和歌山,2022-05-21,18.8,74.0,0.0,16.4,22.3,0.0
133,和歌山,2022-05-22,21.1,66.0,12.9,15.1,28.0,0.0
134,和歌山,2022-05-23,22.7,53.0,8.9,18.3,26.5,0.0
135,和歌山,2022-05-24,21.9,62.0,13.3,16.2,26.1,0.0
136,和歌山,2022-05-25,22.7,67.0,12.1,18.3,26.7,0.0
137,和歌山,2022-05-26,22.0,76.0,6.3,18.2,26.9,39.5
138,和歌山,2022-05-27,22.2,73.0,9.5,18.5,27.9,1.5
139,和歌山,2022-05-28,23.7,57.0,13.4,18.2,29.2,0.0
140,和歌山,2022-05-29,23.7,53.0,13.0,17.8,30.2,0.0
141,和歌山,2022-05-02,14.6,62.0,11.8,9.1,21.2,0.0
142,和歌山,2022-05-30,21.3,70.0,3.0,17.8,26.2,17.0
143,和歌山,2022-05-03,15.1,54.0,12.1,10.3,20.2,0.0
144,和歌山,2022-05-04,17.1,55.0,11.7,10.2,22.8,0.0
145,和歌山,2022-05-05,18.2,63.0,10.7,11.8,22.6,0.0
146,和歌山,2022-05-06,18.6,70.0,4.5,15.0,23.2,0.0
147,和歌山,2022-05-07,20.4,66.0,12.1,14.0,26.5,0.0
148,和歌山,2022-05-08,18.7,44.0,12.0,15.9,22.5,0.0
149,和歌山,2022-05-09,15.0,59.0,0.3,12.9,18.5,2.0
150,埼玉,2022-05-10,16.1,60.0,11.5,8.8,23.4,0.0
151,埼玉,2022-05-11,18.0,58.0,8.8,11.0,24.3,0.0
152,埼玉,2022-05-12,19.7,72.0,4.0,14.8,25.0,0.0
153,埼玉,2022-05-13,18.4,98.0,0.0,16.8,19.7,21.0
154,埼玉,2022-05-14,21.6,72.0,3.7,18.2,29.0,8.0
155,埼玉,2022-05-15,18.4,51.0,2.1,16.0,22.8,0.0
156,埼玉,2022-05-16,14.4,91.0,0.0,13.3,16.3,2.0
157,埼玉,2022-05-17,15.7,86.0,0.0,13.2,18.3,0.0
158,埼玉,2022-05-18,19.2,62.0,12.7,11.3,26.7,0.0
159,埼玉,2022-05-19,21.0,52.0,11.7,13.8,28.3,0.0
160,埼玉,2022-05-01,11.6,79.0,0.0,10.6,13.5,6.5
161,埼玉,2022-05-20,21.4,59.0,8.1,14.5,28.4,0.0
162,埼玉,2022-05-21,18.2,86.0,0.0,17.1,20.3,2.0
163,埼玉,2022-05-22,19.7,74.0,7.1,14.9,26.4,0.5
164,埼玉,2022-05-23,19.1,72.0,9.0,14.4,25.5,11.5
165,埼玉,2022-05-24,21.1,65.0,11.4,14.6,28.5,0.0
166,埼玉,2022-05-25,22.1,69.0,7.5,17.4,28.5,0.0
167,埼玉,2022-05-26,22.2,68.0,4.6,17.8,27.3,0.0
168,埼玉,2022-05-27,21.1,85.0,4.6,17.4,27.2,28.0
169,埼玉,2022-05-28,22.6,51.0,13.7,16.1,28.9,0.0
170,埼玉,2022-05-29,24.8,47.0,13.6,14.5,33.8,0.0
171,埼玉,2022-05-02,14.0,63.0,11.7,8.2,20.5,0.0
172,埼玉,2022-05-30,21.9,61.0,10.8,16.0,27.2,0.0
173,埼玉,2022-05-03,14.7,55.0,13.2,7.6,20.9,0.0
174,埼玉,2022-05-04,17.9,55.0,12.7,9.3,26.2,0.0
175,埼玉,2022-05-05,20.4,57.0,12.7,12.1,28.3,0.0
176,埼玉,2022-05-06,19.5,69.0,8.8,13.5,26.4,0.0
177,埼玉,2022-05-07,19.5,75.0,6.8,13.9,25.7,0.0
178,埼玉,2022-05-08,18.2,49.0,5.1,15.3,23.0,2.0
179,埼玉,2022-05-09,12.9,88.0,0.0,11.5,15.5,6.0
180,宮城,2022-05-10,14.0,56.0,13.5,7.7,21.1,0.0
181,宮城,2022-05-11,14.0,75.0,5.1,9.1,21.4,0.0
182,宮城,2022-05-12,16.9,85.0,4.9,12.9,21.9,0.0
183,宮城,2022-05-13,17.3,95.0,0.0,15.9,19.6,7.0
184,宮城,2022-05-14,18.2,76.0,3.1,14.4,25.4,5.0
185,宮城,2022-05-15,15.9,52.0,4.4,13.1,20.0,0.0
186,宮城,2022-05-16,13.3,69.0,0.0,10.8,16.4,0.0
187,宮城,2022-05-17,14.7,82.0,0.4,12.6,17.6,0.0
188,宮城,2022-05-18,16.4,66.0,13.6,9.9,22.5,0.0
189,宮城,2022-05-19,17.9,66.0,10.6,11.1,23.7,0.0
190,宮城,2022-05-01,9.8,81.0,0.0,7.9,13.7,15.0
191,宮城,2022-05-20,21.2,52.0,9.4,15.6,27.2,0.0
192,宮城,2022-05-21,19.4,69.0,5.0,16.7,24.5,0.0
193,宮城,2022-05-22,16.5,84.0,0.1,14.8,18.8,3.0
194,宮城,2022-05-23,15.9,80.0,3.1,13.9,19.4,1.5
195,宮城,2022-05-24,18.3,71.0,13.2,12.3,24.4,0.0
196,宮城,2022-05-25,18.3,83.0,8.6,14.3,23.9,0.0
197,宮城,2022-05-26,20.0,81.0,10.4,17.8,23.6,0.0
198,宮城,2022-05-27,17.6,92.0,3.2,16.4,20.3,48.5
199,宮城,2022-05-28,19.4,58.0,10.3,14.7,23.8,0.0
200,宮城,2022-05-29,22.3,57.0,13.5,14.8,29.6,0.0
201,宮城,2022-05-02,11.8,58.0,7.8,7.2,17.6,0.0
202,宮城,2022-05-30,15.9,73.0,8.8,13.9,19.8,0.0
203,宮城,2022-05-03,12.3,49.0,10.8,6.6,17.1,0.0
204,宮城,2022-05-04,17.8,45.0,12.8,8.5,26.1,0.0
205,宮城,2022-05-05,17.4,57.0,12.8,11.3,23.3,0.0
206,宮城,2022-05-06,17.4,71.0,13.0,11.8,22.8,0.0
207,宮城,2022-05-07,17.9,78.0,10.4,12.4,23.4,0.0
208,宮城,2022-05-08,15.1,38.0,7.3,10.5,19.0,0.0
209,宮城,2022-05-09,14.0,53.0,3.2,10.3,19.3,0.0
210,宮崎,2022-05-10,18.4,86.0,0.0,16.1,19.9,4.0
211,宮崎,2022-05-11,19.9,98.0,0.0,19.0,20.9,31.5
212,宮崎,2022-05-12,20.2,99.0,0.0,19.4,21.4,43.0
213,宮崎,2022-05-13,20.5,100.0,0.0,19.9,21.6,83.5
214,宮崎,2022-05-14,21.4,84.0,5.2,17.9,24.9,0.0
215,宮崎,2022-05-15,17.6,76.0,0.0,15.3,21.5,0.0
216,宮崎,2022-05-16,16.6,84.0,0.5,14.1,20.3,2.5
217,宮崎,2022-05-17,18.2,73.0,6.6,14.5,23.3,0.0
218,宮崎,2022-05-18,18.3,69.0,11.7,12.6,24.5,0.0
219,宮崎,2022-05-19,19.1,67.0,7.8,12.2,25.5,0.0
220,宮崎,2022-05-01,17.4,77.0,3.8,14.6,22.0,0.0
221,宮崎,2022-05-20,18.1,86.0,0.0,16.0,22.0,20.5
222,宮崎,2022-05-21,17.4,93.0,0.0,15.4,20.4,31.5
223,宮崎,2022-05-22,20.6,82.0,11.8,13.7,26.8,0.0
224,宮崎,2022-05-23,22.0,71.0,0.0,18.4,26.9,0.0
225,宮崎,2022-05-24,21.5,84.0,9.2,16.8,26.1,0.0
226,宮崎,2022-05-25,21.9,79.0,5.7,18.5,25.4,0.0
227,宮崎,2022-05-26,20.8,93.0,0.0,20.0,21.6,20.0
228,宮崎,2022-05-27,23.7,58.0,11.9,18.4,30.4,0.0
229,宮崎,2022-05-28,23.5,54.0,1.6,19.0,28.4,0.0
230,宮崎,2022-05-29,21.4,72.0,0.0,19.2,25.3,0.0
231,宮崎,2022-05-02,17.7,49.0,4.5,13.3,23.7,0.0
232,宮崎,2022-05-30,21.8,89.0,1.0,18.0,25.9,15.5
233,宮崎,2022-05-03,16.1,71.0,12.1,11.6,20.3,0.0
234,宮崎,2022-05-04,18.1,73.0,11.5,11.5,23.4,0.0
235,宮崎,2022-05-05,19.7,84.0,5.4,15.1,23.5,0.0
236,宮崎,2022-05-06,18.7,97.0,0.0,17.3,19.8,135.5
237,宮崎,2022-05-07,20.7,83.0,5.8,17.7,24.4,0.0
238,宮崎,2022-05-08,20.3,82.0,5.6,17.5,24.0,0.0
239,宮崎,2022-05-09,18.9,90.0,0.0,17.8,22.1,0.5
240,山形,2022-05-10,14.8,42.0,13.3,4.8,24.0,0.0
241,山形,2022-05-11,17.2,52.0,11.5,7.1,25.9,0.0
242,山形,2022-05-12,19.9,62.0,5.7,13.8,26.0,0.0
243,山形,2022-05-13,20.2,78.0,1.6,16.1,25.0,2.5
244,山形,2022-05-14,18.2,73.0,1.8,13.4,24.4,2.0
245,山形,2022-05-15,15.6,44.0,5.8,10.5,21.1,0.0
246,山形,2022-05-16,12.8,66.0,0.0,7.8,17.2,0.0
247,山形,2022-05-17,15.3,65.0,1.0,12.0,20.1,0.0
248,山形,2022-05-18,17.2,50.0,13.1,8.1,25.8,0.0
249,山形,2022-05-19,19.4,41.0,10.3,9.7,28.6,0.0
250,山形,2022-05-01,8.0,88.0,0.0,6.3,8.9,14.5
251,山形,2022-05-20,20.5,43.0,6.9,13.1,26.2,0.0
252,山形,2022-05-21,18.8,58.0,2.6,14.7,24.6,0.5
253,山形,2022-05-22,16.3,78.0,0.4,14.5,19.1,2.5
254,山形,2022-05-23,15.0,81.0,1.8,12.7,19.5,3.5
255,山形,2022-05-24,17.9,64.0,13.5,10.3,25.3,0.0
256,山形,2022-05-25,20.4,63.0,13.4,12.1,29.2,0.0
257,山形,2022-05-26,21.3,63.0,11.0,14.4,27.9,0.0
258,山形,2022-05-27,17.7,86.0,4.2,14.9,21.5,31.0
259,山形,2022-05-28,18.5,53.0,2.1,15.0,20.7,0.0
260,山形,2022-05-29,21.8,58.0,12.9,16.7,29.0,0.0
261,山形,2022-05-02,10.5,62.0,6.5,6.2,16.8,0.0
262,山形,2022-05-30,19.1,67.0,10.9,14.8,27.9,0.0
263,山形,2022-05-03,10.3,57.0,8.5,5.5,15.6,0.0
264,山形,2022-05-04,16.4,45.0,12.9,6.7,24.7,0.0
265,山形,2022-05-05,18.5,49.0,12.8,8.5,28.7,0.0
266,山形,2022-05-06,20.1,52.0,13.0,10.9,30.9,0.0
267,山形,2022-05-07,20.0,58.0,10.5,11.7,28.5,0.0
268,山形,2022-05-08,13.7,41.0,11.9,8.3,18.4,0.0
269,山形,2022-05-09,12.9,46.0,5.3,7.2,20.5,0.0
270,山梨,2022-05-10,16.3,64.0,8.9,10.0,24.5,0.0
271,山梨,2022-05-11,17.8,56.0,5.6,10.5,23.8,0.0
272,山梨,2022-05-12,18.0,75.0,4.1,12.4,23.6,1.5
273,山梨,2022-05-13,18.1,96.0,0.0,16.5,19.9,13.5
274,山梨,2022-05-14,21.0,81.0,4.3,17.2,27.6,8.0
275,山梨,2022-05-15,17.9,64.0,1.9,14.2,22.9,0.0
276,山梨,2022-05-16,16.6,72.0,0.2,14.6,20.5,0.0
277,山梨,2022-05-17,16.2,80.0,0.0,13.9,18.6,0.0
278,山梨,2022-05-18,18.9,59.0,12.2,12.2,26.6,0.0
279,山梨,2022-05-19,19.5,62.0,10.6,11.6,27.2,0.0
280,山梨,2022-05-01,12.9,77.0,0.0,11.3,15.5,1.5
281,山梨,2022-05-20,19.7,66.0,1.0,14.6,25.0,0.0
282,山梨,2022-05-21,17.2,82.0,0.0,15.8,19.0,0.5
283,山梨,2022-05-22,20.1,71.0,7.3,15.2,27.5,0.5
284,山梨,2022-05-23,21.6,61.0,12.1,15.0,29.2,0.0
285,山梨,2022-05-24,21.7,62.0,10.5,17.0,28.5,0.0
286,山梨,2022-05-25,21.8,66.0,5.8,17.0,29.2,0.0
287,山梨,2022-05-26,20.3,70.0,5.2,16.9,25.9,0.0
288,山梨,2022-05-27,20.9,79.0,7.6,16.3,27.9,44.5
289,山梨,2022-05-28,23.2,44.0,13.0,15.1,30.5,0.0
290,山梨,2022-05-29,23.5,45.0,13.2,14.4,33.7,0.0
291,山梨,2022-05-02,14.3,55.0,8.0,9.2,21.0,0.0
292,山梨,2022-05-30,23.9,51.0,10.6,16.2,33.0,0.0
293,山梨,2022-05-03,14.1,46.0,12.6,6.0,22.2,0.0
294,山梨,2022-05-04,16.4,60.0,12.6,7.2,26.1,0.0
295,山梨,2022-05-05,19.0,62.0,11.9,10.8,28.9,0.0
296,山梨,2022-05-06,18.7,64.0,7.1,12.5,26.1,0.0
297,山梨,2022-05-07,19.9,64.0,10.6,12.4,28.1,0.0
298,山梨,2022-05-08,19.7,59.0,6.6,15.5,25.8,0.0
299,山梨,2022-05-09,14.2,77.0,0.1,11.1,18.2,9.0
300,岩手,2022-05-10,14.5,50.0,13.3,2.8,24.6,0.0
301,岩手,2022-05-11,16.7,64.0,12.6,5.8,24.5,0.0
302,岩手,2022-05-12,18.8,75.0,6.2,14.2,24.3,0.0
303,岩手,2022-05-13,18.0,93.0,0.2,16.6,22.1,7.0
304,岩手,2022-05-14,16.1,84.0,1.9,11.1,20.9,3.0
305,岩手,2022-05-15,13.0,60.0,6.7,7.2,17.7,0.5
306,岩手,2022-05-16,12.9,70.0,10.8,4.5,20.2,0.0
307,岩手,2022-05-17,15.5,73.0,4.9,11.4,20.9,0.0
308,岩手,2022-05-18,16.1,58.0,13.4,7.6,24.0,0.0
309,岩手,2022-05-19,17.5,52.0,8.5,7.8,25.2,0.0
310,岩手,2022-05-01,8.0,87.0,0.0,6.6,9.3,14.5
311,岩手,2022-05-20,18.4,58.0,5.4,12.7,24.8,0.0
312,岩手,2022-05-21,18.0,63.0,6.6,10.6,26.3,0.5
313,岩手,2022-05-22,16.0,87.0,0.7,13.6,19.2,5.5
314,岩手,2022-05-23,16.3,74.0,4.1,12.2,21.1,0.0
315,岩手,2022-05-24,18.2,68.0,11.4,11.2,25.5,0.0
316,岩手,2022-05-25,20.2,67.0,13.5,10.8,28.1,0.0
317,岩手,2022-05-26,20.2,70.0,6.8,16.1,25.9,0.0
318,岩手,2022-05-27,17.4,91.0,2.2,14.0,19.7,49.5
319,岩手,2022-05-28,14.9,80.0,2.2,12.8,18.2,2.5
320,岩手,2022-05-29,19.4,67.0,13.3,13.1,25.4,0.0
321,岩手,2022-05-02,9.3,68.0,8.2,4.0,15.2,0.0
322,岩手,2022-05-30,16.6,74.0,10.5,11.5,23.1,0.0
323,岩手,2022-05-03,8.6,71.0,10.2,2.5,14.0,0.0
324,岩手,2022-05-04,13.4,64.0,9.0,6.6,21.4,0.0
325,岩手,2022-05-05,17.3,56.0,11.7,8.1,27.2,0.0
326,岩手,2022-05-06,18.6,57.0,13.0,8.8,28.3,0.0
327,岩手,2022-05-07,18.1,74.0,8.8,12.6,24.3,4.5
328,岩手,2022-05-08,12.6,56.0,10.7,7.9,17.1,0.0
329,岩手,2022-05-09,12.0,59.0,11.5,5.4,18.7,0.0
330,徳島,2022-05-10,17.5,66.0,6.5,12.4,21.6,0.0
331,徳島,2022-05-11,19.3,84.0,0.1,16.4,21.6,4.0
332,徳島,2022-05-12,18.8,96.0,0.0,17.7,20.1,56.5
333,徳島,2022-05-13,18.9,100.0,0.0,17.9,19.8,19.5
334,徳島,2022-05-14,20.6,76.0,3.7,17.1,24.1,5.0
335,徳島,2022-05-15,17.2,59.0,1.4,14.0,20.8,0.0
336,徳島,2022-05-16,17.5,70.0,0.8,14.1,21.9,0.0
337,徳島,2022-05-17,17.6,69.0,2.2,14.0,21.5,0.0
338,徳島,2022-05-18,19.6,50.0,12.3,12.4,26.6,0.0
339,徳島,2022-05-19,20.1,56.0,9.0,13.8,25.6,0.0
340,徳島,2022-05-01,16.1,67.0,3.9,12.8,21.6,1.0
341,徳島,2022-05-20,20.3,62.0,1.9,16.7,23.8,0.0
342,徳島,2022-05-21,18.5,74.0,0.0,15.9,20.9,2.0
343,徳島,2022-05-22,21.2,65.0,13.1,15.6,27.1,0.0
344,徳島,2022-05-23,22.2,59.0,8.6,17.7,26.5,0.0
345,徳島,2022-05-24,22.1,67.0,13.0,16.1,28.3,0.0
346,徳島,2022-05-25,23.0,71.0,10.2,18.2,28.7,0.0
347,徳島,2022-05-26,21.5,82.0,4.5,17.6,26.5,50.5
348,徳島,2022-05-27,22.7,66.0,10.5,17.5,28.5,0.0
349,徳島,2022-05-28,24.8,42.0,12.9,19.2,30.2,0.0
350,徳島,2022-05-29,23.7,48.0,12.7,18.3,29.9,0.0
351,徳島,2022-05-02,15.2,59.0,10.9,10.1,19.6,0.0
352,徳島,2022-05-30,20.0,79.0,1.0,16.5,24.4,15.0
353,徳島,2022-05-03,15.6,47.0,11.7,11.3,20.6,0.0
354,徳島,2022-05-04,17.0,63.0,11.6,10.0,23.7,0.0
355,徳島,2022-05-05,18.3,70.0,10.8,12.9,23.6,0.0
356,徳島,2022-05-06,20.0,67.0,4.0,17.0,24.0,0.0
357,徳島,2022-05-07,20.4,68.0,11.7,15.2,24.9,0.0
358,徳島,2022-05-08,18.4,51.0,10.6,15.9,21.7,0.0
359,徳島,2022-05-09,15.2,64.0,0.5,13.6,18.0,1.0
360,愛媛,2022-05-10,18.0,57.0,7.2,11.9,23.4,0.0
361,愛媛,2022-05-11,18.5,84.0,0.3,15.3,22.9,8.5
362,愛媛,2022-05-12,19.0,95.0,0.0,17.6,20.9,9.5
363,愛媛,2022-05-13,18.6,99.0,0.0,17.6,20.5,26.0
364,愛媛,2022-05-14,18.5,85.0,4.8,15.6,23.7,3.5
365,愛媛,2022-05-15,16.0,77.0,0.2,13.2,19.6,0.0
366,愛媛,2022-05-16,16.6,70.0,1.6,13.5,20.8,0.0
367,愛媛,2022-05-17,17.9,58.0,7.8,13.9,24.9,0.0
368,愛媛,2022-05-18,19.6,53.0,13.0,13.1,25.7,0.0
369,愛媛,2022-05-19,20.1,49.0,9.1,14.5,25.5,0.0
370,愛媛,2022-05-01,15.7,66.0,7.5,12.6,21.2,0.0
371,愛媛,2022-05-20,20.1,60.0,0.7,16.9,23.9,0.0
372,愛媛,2022-05-21,19.6,68.0,1.7,16.0,23.7,0.0
373,愛媛,2022-05-22,20.8,65.0,12.9,14.3,26.4,0.0
374,愛媛,2022-05-23,21.5,65.0,6.9,17.8,26.2,0.0
375,愛媛,2022-05-24,22.3,65.0,11.2,17.2,28.3,0.0
376,愛媛,2022-05-25,22.7,65.0,11.5,17.7,27.7,0.0
377,愛媛,2022-05-26,20.9,77.0,0.9,18.1,27.3,4.5
378,愛媛,2022-05-27,21.8,62.0,11.7,18.0,26.9,2.0
379,愛媛,2022-05-28,22.1,54.0,12.0,16.8,27.6,0.0
380,愛媛,2022-05-29,22.8,43.0,12.9,16.5,30.5,0.0
381,愛媛,2022-05-02,15.2,52.0,12.1,9.5,20.4,0.0
382,愛媛,2022-05-30,19.1,78.0,0.2,16.4,21.9,3.5
383,愛媛,2022-05-03,15.1,52.0,12.7,10.7,20.1,0.0
384,愛媛,2022-05-04,17.4,54.0,10.7,10.7,23.0,0.0
385,愛媛,2022-05-05,19.0,63.0,10.0,12.9,24.4,0.0
386,愛媛,2022-05-06,20.1,63.0,5.2,15.6,26.1,0.0
387,愛媛,2022-05-07,21.0,67.0,9.5,16.5,26.1,0.0
388,愛媛,2022-05-08,20.0,61.0,12.2,16.2,24.6,0.0
389,愛媛,2022-05-09,17.4,74.0,0.0,14.0,19.8,0.5
390,愛知,2022-05-10,16.7,72.0,9.9,10.7,23.3,0.0
391,愛知,2022-05-11,19.5,64.0,4.2,15.2,25.1,0.0
392,愛知,2022-05-12,18.9,85.0,0.0,16.9,22.5,13.0
393,愛知,2022-05-13,19.6,98.0,0.0,17.4,21.4,27.5
394,愛知,2022-05-14,19.8,74.0,7.5,15.5,23.7,9.0
395,愛知,2022-05-15,16.9,50.0,0.0,13.7,20.0,0.0
396,愛知,2022-05-16,17.3,64.0,0.1,13.9,21.3,0.0
397,愛知,2022-05-17,17.2,72.0,0.1,15.0,20.7,0.0
398,愛知,2022-05-18,19.8,60.0,11.4,13.0,27.5,0.0
399,愛知,2022-05-19,21.3,56.0,9.7,14.6,27.9,0.0
400,愛知,2022-05-01,13.9,80.0,0.0,10.8,16.2,12.5
401,愛知,2022-05-20,21.3,53.0,0.6,17.1,26.0,0.0
402,愛知,2022-05-21,18.4,81.0,0.0,16.6,20.3,4.0
403,愛知,2022-05-22,21.8,62.0,11.3,15.7,27.6,3.0
404,愛知,2022-05-23,22.6,52.0,13.0,17.5,28.7,0.0
405,愛知,2022-05-24,22.2,63.0,11.1,16.9,28.1,0.0
406,愛知,2022-05-25,22.6,65.0,11.4,18.1,27.6,0.0
407,愛知,2022-05-26,19.9,83.0,0.1,17.7,23.3,22.0
408,愛知,2022-05-27,22.5,65.0,9.9,17.2,28.2,62.5
409,愛知,2022-05-28,22.7,51.0,11.7,17.6,27.7,0.0
410,愛知,2022-05-29,25.3,43.0,13.5,16.9,33.1,0.0
411,愛知,2022-05-02,14.1,50.0,9.4,8.1,21.3,0.0
412,愛知,2022-05-30,23.9,56.0,8.9,17.5,31.5,0.5
413,愛知,2022-05-03,15.1,43.0,13.0,9.6,21.2,0.0
414,愛知,2022-05-04,17.4,49.0,12.7,9.7,25.4,0.0
415,愛知,2022-05-05,19.9,53.0,12.2,13.0,27.2,0.0
416,愛知,2022-05-06,19.6,66.0,4.2,15.9,24.4,0.0
417,愛知,2022-05-07,21.2,65.0,7.6,16.1,26.9,0.0
418,愛知,2022-05-08,18.7,46.0,11.7,14.6,24.0,0.0
419,愛知,2022-05-09,14.4,71.0,0.0,12.4,17.2,3.5
420,新潟,2022-05-10,13.8,65.0,13.4,8.0,19.0,0.0
421,新潟,2022-05-11,19.0,46.0,12.2,11.5,25.6,0.0
422,新潟,2022-05-12,19.9,62.0,5.6,15.7,25.6,3.5
423,新潟,2022-05-13,20.0,84.0,3.4,15.9,26.4,13.0
424,新潟,2022-05-14,16.6,87.0,2.6,13.2,19.5,4.5
425,新潟,2022-05-15,15.2,71.0,5.2,11.9,19.0,0.0
426,新潟,2022-05-16,15.4,64.0,4.1,10.4,20.5,0.0
427,新潟,2022-05-17,16.1,79.0,2.8,13.3,20.0,0.0
428,新潟,2022-05-18,18.2,58.0,13.1,11.2,25.1,0.0
429,新潟,2022-05-19,19.8,49.0,9.3,13.4,28.1,0.0
430,新潟,2022-05-01,10.2,86.0,0.0,8.2,11.5,16.0
431,新潟,2022-05-20,20.6,51.0,5.5,15.2,25.7,0.0
432,新潟,2022-05-21,19.5,65.0,0.3,16.7,24.2,0.0
433,新潟,2022-05-22,18.3,79.0,5.1,15.8,22.5,3.0
434,新潟,2022-05-23,17.1,83.0,4.4,14.6,20.8,4.0
435,新潟,2022-05-24,18.0,74.0,13.9,12.4,22.6,0.0
436,新潟,2022-05-25,20.9,62.0,13.8,13.5,27.5,0.0
437,新潟,2022-05-26,23.2,60.0,10.7,17.7,28.5,0.0
438,新潟,2022-05-27,19.1,80.0,5.9,16.0,22.5,35.5
439,新潟,2022-05-28,19.0,70.0,10.3,16.5,21.5,0.0
440,新潟,2022-05-29,21.1,64.0,13.4,15.2,27.1,0.0
441,新潟,2022-05-02,10.8,69.0,7.6,8.0,14.7,2.5
442,新潟,2022-05-30,21.5,65.0,12.2,15.9,27.0,0.0
443,新潟,2022-05-03,11.3,71.0,10.4,6.9,15.2,2.0
444,新潟,2022-05-04,16.1,54.0,12.8,8.5,22.2,0.0
445,新潟,2022-05-05,18.0,47.0,13.0,11.2,24.9,0.0
446,新潟,2022-05-06,18.9,55.0,13.1,13.3,26.2,0.0
447,新潟,2022-05-07,18.9,62.0,11.2,12.3,26.0,0.0
448,新潟,2022-05-08,13.7,54.0,12.2,10.4,17.2,0.0
449,新潟,2022-05-09,13.5,51.0,6.9,9.9,18.2,0.0
450,東京,2022-05-10,16.5,64.0,11.4,11.2,23.0,0.5
451,東京,2022-05-11,18.7,63.0,9.9,13.0,24.6,0.0
452,東京,2022-05-12,19.4,87.0,1.3,16.3,25.0,2.0
453,東京,2022-05-13,18.8,100.0,0.0,17.3,20.6,28.5
454,東京,2022-05-14,21.8,87.0,1.8,19.6,25.6,9.5
455,東京,2022-05-15,17.5,67.0,0.0,14.7,19.9,1.0
456,東京,2022-05-16,14.5,95.0,0.0,13.2,15.6,7.5
457,東京,2022-05-17,15.7,90.0,0.0,13.7,18.2,0.5
458,東京,2022-05-18,18.8,73.0,11.8,13.4,24.9,0.0
459,東京,2022-05-19,20.5,60.0,9.2,14.2,26.6,0.0
460,東京,2022-05-01,12.7,83.0,0.0,10.8,16.8,12.0
461,東京,2022-05-20,21.2,72.0,5.1,16.3,25.9,0.0
462,東京,2022-05-21,18.2,91.0,0.0,15.0,20.7,39.5
463,東京,2022-05-22,19.0,79.0,5.4,14.0,25.9,1.5
464,東京,2022-05-23,19.6,72.0,6.7,16.0,26.1,0.5
465,東京,2022-05-24,20.9,72.0,10.8,16.5,26.2,0.0
466,東京,2022-05-25,21.8,71.0,8.8,18.0,27.0,0.0
467,東京,2022-05-26,21.6,72.0,8.3,17.2,26.2,0.0
468,東京,2022-05-27,21.0,91.0,1.2,19.2,24.6,59.5
469,東京,2022-05-28,22.4,62.0,10.1,16.8,27.7,0.0
470,東京,2022-05-29,24.1,53.0,13.3,16.6,31.2,0.0
471,東京,2022-05-02,13.3,74.0,4.1,9.5,19.4,1.0
472,東京,2022-05-30,22.3,70.0,11.4,18.8,27.8,0.0
473,東京,2022-05-03,15.2,63.0,12.3,9.3,20.4,0.0
474,東京,2022-05-04,17.9,60.0,12.4,10.8,25.0,0.0
475,東京,2022-05-05,19.8,65.0,11.8,13.6,26.3,0.0
476,東京,2022-05-06,19.5,71.0,7.9,15.2,24.5,0.0
477,東京,2022-05-07,18.5,87.0,0.8,15.4,22.8,7.5
478,東京,2022-05-08,18.3,59.0,5.1,16.2,22.5,0.0
479,東京,2022-05-09,14.1,80.0,0.0,11.2,17.3,8.0
480,栃木,2022-05-10,15.3,61.0,12.4,7.9,23.5,0.0
481,栃木,2022-05-11,16.9,56.0,9.4,8.9,22.7,0.0
482,栃木,2022-05-12,19.5,78.0,1.9,16.1,24.6,0.0
483,栃木,2022-05-13,18.1,99.0,0.0,16.4,19.4,27.5
484,栃木,2022-05-14,20.4,79.0,2.5,16.1,26.4,5.0
485,栃木,2022-05-15,16.8,65.0,3.0,14.2,21.0,0.0
486,栃木,2022-05-16,13.6,93.0,0.0,12.3,16.3,5.0
487,栃木,2022-05-17,15.4,86.0,0.0,12.5,17.9,0.0
488,栃木,2022-05-18,17.9,67.0,10.8,10.7,25.2,0.0
489,栃木,2022-05-19,20.0,55.0,10.9,11.4,27.5,0.0
490,栃木,2022-05-01,11.2,79.0,0.0,8.9,14.3,22.5
491,栃木,2022-05-20,20.7,61.0,8.2,15.2,27.2,0.0
492,栃木,2022-05-21,18.5,82.0,0.0,17.1,21.5,0.5
493,栃木,2022-05-22,18.7,79.0,4.0,15.1,23.9,2.5
494,栃木,2022-05-23,16.8,82.0,4.3,13.5,22.3,22.0
495,栃木,2022-05-24,19.8,72.0,10.6,12.7,26.3,0.0
496,栃木,2022-05-25,21.6,72.0,7.1,16.9,27.3,0.0
497,栃木,2022-05-26,20.8,73.0,3.5,15.9,25.8,0.0
498,栃木,2022-05-27,19.4,91.0,3.7,17.0,21.9,23.0
499,栃木,2022-05-28,21.0,58.0,12.7,14.0,28.7,0.0
500,栃木,2022-05-29,23.7,48.0,13.6,13.9,33.2,0.0
501,栃木,2022-05-02,11.7,80.0,8.0,6.1,19.2,1.0
502,栃木,2022-05-30,20.5,62.0,11.7,14.8,25.9,0.0
503,栃木,2022-05-03,13.0,68.0,11.0,6.4,19.5,0.0
504,栃木,2022-05-04,16.9,62.0,12.8,9.1,24.5,0.0
505,栃木,2022-05-05,20.2,58.0,12.9,11.8,27.7,0.0
506,栃木,2022-05-06,19.2,72.0,9.7,13.9,25.3,0.0
507,栃木,2022-05-07,17.9,83.0,1.9,13.1,23.5,0.0
508,栃木,2022-05-08,18.1,54.0,9.9,15.1,24.1,0.0
509,栃木,2022-05-09,12.4,88.0,0.0,11.0,15.3,6.5
510,沖縄,2022-05-10,24.4,80.0,3.0,22.1,28.1,0.0
511,沖縄,2022-05-11,25.4,92.0,0.3,23.4,28.3,3.0
512,沖縄,2022-05-12,26.2,89.0,5.5,23.1,29.3,12.5
513,沖縄,2022-05-13,25.8,94.0,0.0,23.1,26.6,26.0
514,沖縄,2022-05-14,23.6,95.0,0.0,22.9,24.4,20.0
515,沖縄,2022-05-15,22.1,90.0,0.4,20.1,24.3,24.5
516,沖縄,2022-05-16,18.6,93.0,0.0,17.9,20.5,20.5
517,沖縄,2022-05-17,19.6,93.0,0.0,17.9,21.2,20.0
518,沖縄,2022-05-18,22.9,76.0,9.1,19.7,25.7,0.0
519,沖縄,2022-05-19,23.8,82.0,2.0,21.9,25.9,0.5
520,沖縄,2022-05-01,21.3,76.0,0.0,19.9,22.4,0.5
521,沖縄,2022-05-20,24.0,96.0,0.0,23.0,25.2,57.5
522,沖縄,2022-05-21,24.2,85.0,8.9,22.9,26.0,0.0
523,沖縄,2022-05-22,24.3,78.0,8.8,22.2,27.4,0.0
524,沖縄,2022-05-23,22.9,84.0,0.0,20.1,24.5,18.5
525,沖縄,2022-05-24,23.7,97.0,0.0,20.9,26.0,21.5
526,沖縄,2022-05-25,24.1,94.0,0.6,22.7,26.3,11.5
527,沖縄,2022-05-26,23.4,95.0,0.0,21.0,26.2,52.0
528,沖縄,2022-05-27,21.9,95.0,0.0,21.0,23.2,46.0
529,沖縄,2022-05-28,23.7,96.0,0.5,21.8,26.5,42.5
530,沖縄,2022-05-29,26.7,95.0,6.7,23.9,29.3,1.0
531,沖縄,2022-05-02,18.2,82.0,0.0,16.4,20.1,11.0
532,沖縄,2022-05-30,27.5,93.0,5.0,25.9,29.9,0.0
533,沖縄,2022-05-03,21.6,63.0,6.0,18.0,24.8,0.0
534,沖縄,2022-05-04,21.7,76.0,0.0,21.0,22.8,5.5
535,沖縄,2022-05-05,22.9,95.0,0.1,21.6,25.2,29.5
536,沖縄,2022-05-06,23.6,95.0,0.1,21.6,26.4,13.0
537,沖縄,2022-05-07,25.2,91.0,4.2,23.4,28.4,0.0
538,沖縄,2022-05-08,25.1,91.0,0.4,23.8,26.9,2.0
539,沖縄,2022-05-09,24.6,86.0,0.8,23.8,26.9,0.0
540,熊本,2022-05-10,21.4,61.0,2.7,17.5,27.1,0.0
541,熊本,2022-05-11,21.1,81.0,0.4,18.2,25.1,23.5
542,熊本,2022-05-12,22.0,86.0,0.0,19.8,25.6,4.0
543,熊本,2022-05-13,20.7,95.0,0.0,19.7,21.7,27.5
544,熊本,2022-05-14,20.6,61.0,9.2,15.8,25.4,0.5
545,熊本,2022-05-15,15.8,69.0,0.1,12.2,19.3,0.0
546,熊本,2022-05-16,17.6,65.0,3.0,13.7,22.4,0.0
547,熊本,2022-05-17,20.3,56.0,10.7,14.5,27.2,0.0
548,熊本,2022-05-18,21.4,46.0,12.9,13.4,29.1,0.0
549,熊本,2022-05-19,20.9,51.0,3.1,14.9,27.4,0.0
550,熊本,2022-05-01,16.6,58.0,3.4,13.6,21.2,0.0
551,熊本,2022-05-20,19.5,61.0,0.0,17.2,23.1,0.0
552,熊本,2022-05-21,21.1,60.0,5.3,17.5,26.7,0.0
553,熊本,2022-05-22,22.1,63.0,12.6,15.3,29.7,0.0
554,熊本,2022-05-23,21.9,65.0,1.3,17.1,26.1,0.0
555,熊本,2022-05-24,23.8,62.0,10.6,17.2,31.0,0.0
556,熊本,2022-05-25,24.7,64.0,9.6,20.7,30.9,0.0
557,熊本,2022-05-26,21.0,85.0,0.3,19.7,24.1,26.5
558,熊本,2022-05-27,21.8,65.0,12.9,16.4,27.6,0.5
559,熊本,2022-05-28,22.2,60.0,8.4,16.0,28.8,0.0
560,熊本,2022-05-29,23.0,59.0,5.5,18.4,28.7,3.5
561,熊本,2022-05-02,16.3,56.0,11.0,10.2,21.8,0.0
562,熊本,2022-05-30,20.9,89.0,2.7,17.3,25.6,19.0
563,熊本,2022-05-03,18.3,51.0,12.6,12.7,24.2,0.0
564,熊本,2022-05-04,18.3,58.0,10.7,10.9,24.8,0.0
565,熊本,2022-05-05,20.6,59.0,6.6,14.3,27.5,0.0
566,熊本,2022-05-06,20.1,70.0,0.0,17.7,23.0,0.5
567,熊本,2022-05-07,21.9,68.0,7.8,17.1,28.3,0.0
568,熊本,2022-05-08,22.3,62.0,12.5,16.7,27.7,0.0
569,熊本,2022-05-09,20.4,69.0,0.0,18.5,23.8,0.0
570,神奈川,2022-05-10,16.5,66.0,10.2,11.8,21.9,0.5
571,神奈川,2022-05-11,18.7,61.0,8.7,13.8,23.9,0.0
572,神奈川,2022-05-12,19.4,84.0,0.9,17.1,23.3,4.0
573,神奈川,2022-05-13,18.7,98.0,0.0,17.0,21.2,53.0
574,神奈川,2022-05-14,21.8,87.0,2.0,20.0,24.9,21.5
575,神奈川,2022-05-15,17.6,69.0,0.0,15.0,20.5,1.5
576,神奈川,2022-05-16,15.0,91.0,0.0,14.5,15.8,7.0
577,神奈川,2022-05-17,16.0,89.0,0.0,14.5,17.7,1.0
578,神奈川,2022-05-18,18.6,76.0,12.1,13.8,24.4,0.0
579,神奈川,2022-05-19,20.3,58.0,8.9,15.0,26.0,0.0
580,神奈川,2022-05-01,13.3,82.0,0.0,11.3,16.5,22.0
581,神奈川,2022-05-20,20.9,74.0,3.9,17.4,24.2,0.0
582,神奈川,2022-05-21,18.7,85.0,0.0,15.1,20.3,12.0
583,神奈川,2022-05-22,19.1,76.0,5.0,14.9,25.0,2.0
584,神奈川,2022-05-23,19.6,75.0,6.8,16.8,24.4,1.0
585,神奈川,2022-05-24,21.1,70.0,11.5,17.0,25.7,0.0
586,神奈川,2022-05-25,21.6,72.0,8.7,18.7,26.2,0.0
587,神奈川,2022-05-26,21.5,72.0,7.8,17.9,25.8,0.0
588,神奈川,2022-05-27,21.6,87.0,3.1,19.4,26.2,23.0
589,神奈川,2022-05-28,23.0,61.0,11.7,18.4,26.8,0.0
590,神奈川,2022-05-29,23.9,53.0,13.5,18.9,29.9,0.0
591,神奈川,2022-05-02,14.2,70.0,4.0,11.3,19.9,3.0
592,神奈川,2022-05-30,22.9,69.0,11.1,19.9,28.2,0.0
593,神奈川,2022-05-03,15.3,64.0,12.3,11.1,20.2,0.0
594,神奈川,2022-05-04,18.3,58.0,12.8,12.1,23.7,0.0
595,神奈川,2022-05-05,19.8,61.0,11.2,15.5,25.2,0.0
596,神奈川,2022-05-06,19.5,71.0,5.9,16.6,23.6,0.0
597,神奈川,2022-05-07,18.5,85.0,3.1,15.8,23.1,3.5
598,神奈川,2022-05-08,18.3,60.0,4.1,15.8,22.4,0.0
599,神奈川,2022-05-09,14.7,77.0,0.4,11.9,18.1,9.0
600,福岡,2022-05-10,20.0,62.0,2.5,16.0,25.3,0.5
601,福岡,2022-05-11,21.1,83.0,0.1,18.3,25.6,6.0
602,福岡,2022-05-12,21.2,87.0,0.0,19.4,23.3,4.5
603,福岡,2022-05-13,19.1,96.0,0.0,17.5,20.5,26.0
604,福岡,2022-05-14,18.5,72.0,9.2,16.2,22.0,1.0
605,福岡,2022-05-15,17.9,63.0,2.1,15.3,21.0,0.0
606,福岡,2022-05-16,18.4,62.0,6.7,15.4,22.5,0.0
607,福岡,2022-05-17,20.1,52.0,12.2,15.0,25.5,0.0
608,福岡,2022-05-18,21.0,47.0,13.1,14.2,27.0,0.0
609,福岡,2022-05-19,20.9,48.0,5.7,16.0,26.8,0.0
610,福岡,2022-05-01,16.0,61.0,7.4,13.6,19.5,0.0
611,福岡,2022-05-20,21.2,54.0,0.0,19.0,24.3,0.0
612,福岡,2022-05-21,21.0,64.0,12.1,16.6,25.1,0.0
613,福岡,2022-05-22,23.4,52.0,13.1,17.3,29.4,0.0
614,福岡,2022-05-23,22.1,68.0,3.3,19.1,25.1,0.0
615,福岡,2022-05-24,23.4,68.0,12.0,19.0,28.6,0.0
616,福岡,2022-05-25,24.0,64.0,11.2,20.8,29.2,0.0
617,福岡,2022-05-26,21.8,78.0,0.2,20.0,24.5,1.5
618,福岡,2022-05-27,23.5,46.0,13.3,17.5,29.0,0.0
619,福岡,2022-05-28,24.2,46.0,8.6,18.9,30.6,0.0
620,福岡,2022-05-29,23.8,47.0,10.2,19.0,28.5,0.0
621,福岡,2022-05-02,16.8,60.0,11.6,11.2,21.0,0.0
622,福岡,2022-05-30,21.9,84.0,0.7,17.9,25.9,5.5
623,福岡,2022-05-03,16.3,57.0,12.9,11.9,21.0,0.0
624,福岡,2022-05-04,17.6,66.0,12.9,11.6,23.4,0.0
625,福岡,2022-05-05,20.5,61.0,9.3,15.0,25.7,0.0
626,福岡,2022-05-06,20.5,72.0,1.4,17.1,23.8,0.0
627,福岡,2022-05-07,22.0,69.0,9.3,18.4,26.4,0.0
628,福岡,2022-05-08,19.1,72.0,8.3,17.2,23.0,0.0
629,福岡,2022-05-09,18.9,64.0,7.3,15.9,22.5,0.0
630,福島,2022-05-10,15.0,52.0,13.3,6.5,24.3,0.0
631,福島,2022-05-11,15.7,60.0,9.2,6.2,24.5,0.0
632,福島,2022-05-12,20.6,66.0,6.9,13.8,27.3,0.0
633,福島,2022-05-13,19.0,88.0,1.0,16.9,23.5,5.5
634,福島,2022-05-14,18.8,74.0,3.5,14.6,25.2,4.0
635,福島,2022-05-15,17.3,40.0,6.0,13.5,22.1,0.0
636,福島,2022-05-16,12.3,81.0,0.0,10.7,13.6,4.5
637,福島,2022-05-17,15.0,85.0,0.0,12.4,18.6,0.0
638,福島,2022-05-18,18.0,62.0,12.2,10.7,26.8,0.0
639,福島,2022-05-19,20.5,46.0,9.8,10.5,30.0,0.0
640,福島,2022-05-01,11.0,76.0,0.4,8.5,15.7,14.5
641,福島,2022-05-20,22.4,40.0,8.2,15.8,28.3,0.0
642,福島,2022-05-21,19.1,73.0,1.5,16.1,25.6,6.5
643,福島,2022-05-22,16.3,86.0,0.4,14.4,18.4,6.0
644,福島,2022-05-23,15.3,83.0,0.5,12.9,18.2,2.5
645,福島,2022-05-24,19.0,66.0,12.5,10.8,27.7,0.0
646,福島,2022-05-25,21.1,68.0,9.3,14.9,29.2,0.0
647,福島,2022-05-26,22.3,62.0,10.3,17.9,27.3,0.0
648,福島,2022-05-27,18.7,83.0,2.7,16.6,20.8,23.0
649,福島,2022-05-28,20.4,49.0,8.1,16.5,25.1,0.0
650,福島,2022-05-29,23.8,46.0,12.8,15.7,30.6,0.0
651,福島,2022-05-02,11.6,61.0,5.3,6.5,17.6,0.0
652,福島,2022-05-30,18.4,65.0,12.1,14.5,23.6,0.0
653,福島,2022-05-03,11.6,56.0,12.1,5.5,17.5,0.0
654,福島,2022-05-04,17.8,45.0,13.0,7.1,27.6,0.0
655,福島,2022-05-05,19.4,48.0,12.6,9.8,29.9,0.0
656,福島,2022-05-06,20.5,58.0,12.9,12.3,29.6,0.0
657,福島,2022-05-07,20.5,63.0,10.0,14.1,26.3,0.0
658,福島,2022-05-08,15.2,36.0,11.0,12.2,20.0,0.0
659,福島,2022-05-09,13.0,60.0,0.7,9.9,17.1,0.0
660,秋田,2022-05-10,13.1,68.0,13.5,6.2,18.7,0.0
661,秋田,2022-05-11,17.8,48.0,12.3,9.4,26.0,0.0
662,秋田,2022-05-12,19.4,61.0,6.9,14.7,25.0,0.0
663,秋田,2022-05-13,21.0,74.0,3.0,17.3,27.2,1.5
664,秋田,2022-05-14,15.4,86.0,0.0,12.5,19.4,8.5
665,秋田,2022-05-15,13.7,70.0,9.6,9.5,17.0,1.5
666,秋田,2022-05-16,14.5,55.0,12.2,8.2,20.7,0.0
667,秋田,2022-05-17,14.9,61.0,8.2,9.8,20.0,0.0
668,秋田,2022-05-18,15.2,56.0,13.7,7.7,21.3,0.0
669,秋田,2022-05-19,17.2,57.0,5.4,11.5,22.7,0.0
670,秋田,2022-05-01,9.4,86.0,0.0,7.4,11.0,16.5
671,秋田,2022-05-20,18.3,67.0,8.9,14.4,22.3,0.0
672,秋田,2022-05-21,19.7,50.0,5.2,13.5,24.8,0.0
673,秋田,2022-05-22,19.3,63.0,3.0,16.5,22.6,0.0
674,秋田,2022-05-23,17.4,72.0,5.2,14.9,20.9,0.0
675,秋田,2022-05-24,17.3,77.0,9.9,14.2,21.2,0.0
676,秋田,2022-05-25,20.8,58.0,13.8,13.8,28.3,0.0
677,秋田,2022-05-26,22.3,60.0,11.4,17.1,29.0,0.0
678,秋田,2022-05-27,17.9,86.0,2.6,15.0,21.1,27.0
679,秋田,2022-05-28,16.7,79.0,2.9,15.3,19.0,2.5
680,秋田,2022-05-29,18.2,82.0,9.9,15.1,21.5,0.0
681,秋田,2022-05-02,9.8,68.0,12.3,5.1,13.6,0.0
682,秋田,2022-05-30,20.1,66.0,13.0,14.2,26.7,0.0
683,秋田,2022-05-03,10.0,75.0,5.8,5.3,14.2,0.0
684,秋田,2022-05-04,13.6,69.0,10.6,8.5,18.1,0.0
685,秋田,2022-05-05,16.9,57.0,13.0,9.8,24.2,0.0
686,秋田,2022-05-06,18.1,55.0,13.2,11.1,28.5,0.0
687,秋田,2022-05-07,16.9,68.0,10.7,10.5,25.1,17.0
688,秋田,2022-05-08,12.7,65.0,12.1,10.1,15.5,0.0
689,秋田,2022-05-09,12.8,73.0,10.1,8.8,16.7,0.0
690,群馬,2022-05-10,15.5,55.0,12.5,8.2,23.0,0.0
691,群馬,2022-05-11,17.2,51.0,6.1,10.3,22.8,0.0
692,群馬,2022-05-12,19.5,67.0,5.6,14.2,24.3,0.0
693,群馬,2022-05-13,18.3,95.0,0.0,16.6,19.7,14.0
694,群馬,2022-05-14,20.4,71.0,3.3,17.0,26.5,5.0
695,群馬,2022-05-15,18.1,46.0,4.7,13.4,24.0,0.0
696,群馬,2022-05-16,14.5,91.0,0.0,13.3,16.6,1.5
697,群馬,2022-05-17,15.6,85.0,0.0,12.9,18.1,0.0
698,群馬,2022-05-18,19.4,52.0,13.1,12.0,26.8,0.0
699,群馬,2022-05-19,21.1,45.0,10.4,13.7,28.3,0.0
700,群馬,2022-05-01,11.4,76.0,0.1,10.0,14.6,3.5
701,群馬,2022-05-20,21.1,55.0,5.9,16.3,28.3,0.0
702,群馬,2022-05-21,17.8,82.0,0.0,16.2,20.3,1.5
703,群馬,2022-05-22,19.1,75.0,6.6,14.3,25.8,59.5
704,群馬,2022-05-23,18.5,69.0,10.1,14.0,23.9,8.0
705,群馬,2022-05-24,20.4,59.0,12.9,12.7,27.9,0.0
706,群馬,2022-05-25,21.8,65.0,10.7,16.3,28.0,0.0
707,群馬,2022-05-26,21.1,66.0,2.7,16.2,25.5,0.0
708,群馬,2022-05-27,20.7,81.0,5.0,17.0,26.7,48.5
709,群馬,2022-05-28,21.7,48.0,13.6,16.2,27.0,0.0
710,群馬,2022-05-29,24.8,39.0,13.5,14.2,34.3,0.0
711,群馬,2022-05-02,13.4,56.0,8.3,7.7,20.8,0.0
712,群馬,2022-05-30,22.5,55.0,10.5,17.1,28.7,0.0
713,群馬,2022-05-03,13.7,49.0,13.0,7.2,19.5,0.0
714,群馬,2022-05-04,17.2,49.0,12.7,8.5,25.3,0.0
715,群馬,2022-05-05,21.0,48.0,12.6,13.5,28.3,0.0
716,群馬,2022-05-06,19.8,62.0,9.8,14.0,26.0,0.0
717,群馬,2022-05-07,19.3,72.0,7.3,13.7,25.7,3.5
718,群馬,2022-05-08,17.7,43.0,9.5,14.2,22.3,0.0
719,群馬,2022-05-09,12.8,85.0,0.0,10.1,15.6,5.5
720,茨城,2022-05-10,14.6,64.0,12.2,9.0,20.3,0.0
721,茨城,2022-05-11,15.6,70.0,9.5,8.1,22.2,0.0
722,茨城,2022-05-12,19.1,77.0,3.2,14.3,23.7,0.0
723,茨城,2022-05-13,18.7,94.0,0.0,17.1,20.4,30.5
724,茨城,2022-05-14,21.2,75.0,0.8,16.3,26.0,8.5
725,茨城,2022-05-15,16.1,61.0,0.1,13.9,18.7,0.0
726,茨城,2022-05-16,13.6,90.0,0.0,12.6,15.4,11.5
727,茨城,2022-05-17,15.3,84.0,0.0,13.2,17.9,1.0
728,茨城,2022-05-18,17.3,71.0,10.9,11.8,24.2,0.0
729,茨城,2022-05-19,20.3,53.0,10.7,11.7,27.8,0.0
730,茨城,2022-05-01,11.4,82.0,0.0,6.9,16.5,19.0
731,茨城,2022-05-20,20.7,66.0,7.9,13.6,26.4,0.0
732,茨城,2022-05-21,19.6,73.0,0.0,15.9,22.5,2.0
733,茨城,2022-05-22,17.2,80.0,3.4,15.2,22.3,2.0
734,茨城,2022-05-23,16.2,78.0,6.7,13.3,20.5,20.0
735,茨城,2022-05-24,18.9,71.0,12.4,11.9,25.3,0.0
736,茨城,2022-05-25,20.5,72.0,10.0,15.0,26.2,0.0
737,茨城,2022-05-26,20.9,70.0,9.3,15.5,24.4,0.0
738,茨城,2022-05-27,19.7,86.0,0.4,17.4,22.4,35.5
739,茨城,2022-05-28,21.0,61.0,11.2,15.2,27.9,0.0
740,茨城,2022-05-29,23.1,49.0,13.4,12.5,32.8,0.0
741,茨城,2022-05-02,12.8,66.0,10.9,7.9,17.9,0.0
742,茨城,2022-05-30,17.8,69.0,12.1,15.2,20.9,0.0
743,茨城,2022-05-03,13.3,61.0,9.1,8.1,18.1,0.0
744,茨城,2022-05-04,17.3,56.0,12.8,8.6,24.5,0.0
745,茨城,2022-05-05,17.7,70.0,12.8,10.7,23.2,0.0
746,茨城,2022-05-06,18.3,71.0,9.3,12.4,24.5,0.0
747,茨城,2022-05-07,17.5,80.0,1.8,13.1,23.6,0.0
748,茨城,2022-05-08,17.5,54.0,9.7,14.7,22.5,0.0
749,茨城,2022-05-09,12.6,80.0,0.1,10.7,15.8,10.0
750,長崎,2022-05-10,21.0,71.0,3.1,17.3,25.8,0.0
751,長崎,2022-05-11,20.6,91.0,0.0,18.4,23.7,36.5
752,長崎,2022-05-12,21.1,96.0,0.1,19.5,24.0,21.0
753,長崎,2022-05-13,20.0,99.0,0.0,18.5,21.4,25.0
754,長崎,2022-05-14,19.4,71.0,10.7,14.8,24.0,0.0
755,長崎,2022-05-15,17.1,74.0,0.5,14.3,20.9,0.0
756,長崎,2022-05-16,17.7,68.0,3.5,15.0,21.4,0.0
757,長崎,2022-05-17,18.9,69.0,11.9,14.0,23.6,0.0
758,長崎,2022-05-18,20.2,53.0,12.3,14.0,25.9,0.0
759,長崎,2022-05-19,19.8,61.0,3.2,15.7,25.2,0.0
760,長崎,2022-05-01,16.3,65.0,5.1,14.0,20.1,0.0
761,長崎,2022-05-20,19.6,65.0,0.0,17.7,22.3,0.0
762,長崎,2022-05-21,20.2,73.0,6.8,15.6,25.6,0.0
763,長崎,2022-05-22,20.6,74.0,12.0,16.1,25.1,0.0
764,長崎,2022-05-23,20.5,80.0,1.6,17.4,24.6,0.0
765,長崎,2022-05-24,21.8,79.0,11.8,17.0,26.3,0.0
766,長崎,2022-05-25,22.8,81.0,10.6,19.3,27.0,0.0
767,長崎,2022-05-26,20.7,89.0,0.0,18.5,23.1,2.0
768,長崎,2022-05-27,21.0,75.0,12.5,15.5,25.7,0.0
769,長崎,2022-05-28,21.9,74.0,8.5,17.9,26.7,0.0
770,長崎,2022-05-29,21.9,70.0,3.9,18.3,28.1,24.0
771,長崎,2022-05-02,16.9,64.0,11.1,11.6,21.3,0.0
772,長崎,2022-05-30,21.2,95.0,0.5,18.4,24.1,12.5
773,長崎,2022-05-03,17.1,61.0,11.8,12.0,21.6,0.0
774,長崎,2022-05-04,17.3,70.0,10.0,12.2,22.9,0.0
775,長崎,2022-05-05,20.0,68.0,7.1,14.5,25.5,0.0
776,長崎,2022-05-06,21.1,73.0,4.2,17.3,25.8,0.0
777,長崎,2022-05-07,21.4,80.0,6.4,18.7,25.8,0.0
778,長崎,2022-05-08,20.6,75.0,11.9,17.2,25.0,0.0
779,長崎,2022-05-09,19.7,71.0,3.2,17.2,24.8,0.0
780,長野,2022-05-10,14.2,54.0,9.9,6.1,22.9,0.0
781,長野,2022-05-11,17.8,47.0,6.3,10.0,25.0,0.0
782,長野,2022-05-12,20.2,57.0,6.3,14.6,27.9,0.0
783,長野,2022-05-13,18.9,83.0,1.6,16.0,23.0,10.5
784,長野,2022-05-14,15.8,89.0,0.0,11.2,19.7,16.0
785,長野,2022-05-15,13.0,64.0,2.0,9.0,18.7,0.0
786,長野,2022-05-16,13.5,67.0,1.4,8.3,18.8,0.0
787,長野,2022-05-17,14.4,68.0,1.2,10.8,19.1,0.0
788,長野,2022-05-18,16.3,53.0,12.0,8.8,24.6,0.0
789,長野,2022-05-19,18.1,46.0,9.1,8.2,27.1,0.0
790,長野,2022-05-01,9.9,78.0,0.0,7.5,11.9,7.0
791,長野,2022-05-20,18.1,57.0,1.2,12.3,24.4,0.0
792,長野,2022-05-21,15.8,82.0,0.0,13.9,18.9,3.0
793,長野,2022-05-22,16.4,79.0,4.8,12.9,21.9,8.5
794,長野,2022-05-23,15.8,76.0,9.3,11.6,20.8,0.0
795,長野,2022-05-24,17.8,62.0,13.1,9.2,26.5,0.0
796,長野,2022-05-25,19.6,67.0,9.6,13.0,28.8,12.5
797,長野,2022-05-26,19.5,69.0,4.9,14.4,26.0,0.5
798,長野,2022-05-27,18.3,81.0,5.7,14.9,25.3,28.5
799,長野,2022-05-28,18.4,63.0,12.2,13.2,24.5,0.0
800,長野,2022-05-29,20.3,53.0,13.2,10.8,30.0,0.0
801,長野,2022-05-02,9.5,73.0,7.9,4.3,17.0,0.0
802,長野,2022-05-30,22.0,52.0,10.3,12.7,32.7,0.0
803,長野,2022-05-03,9.8,66.0,12.1,3.7,16.1,0.0
804,長野,2022-05-04,14.6,56.0,12.4,4.0,25.8,0.0
805,長野,2022-05-05,17.5,53.0,11.4,8.6,28.1,0.0
806,長野,2022-05-06,19.4,54.0,12.2,11.0,28.1,0.0
807,長野,2022-05-07,19.3,55.0,10.1,12.3,28.3,0.0
808,長野,2022-05-08,11.9,50.0,9.0,7.9,17.1,0.0
809,長野,2022-05-09,9.4,78.0,0.0,7.4,12.4,3.5
810,青森,2022-05-10,14.7,42.0,13.0,6.1,23.6,0.0
811,青森,2022-05-11,13.7,63.0,13.4,7.0,19.6,0.0
812,青森,2022-05-12,15.7,78.0,6.2,12.4,21.4,0.0
813,青森,2022-05-13,15.3,84.0,0.9,13.2,19.4,0.0
814,青森,2022-05-14,14.7,78.0,2.3,11.8,24.0,0.0
815,青森,2022-05-15,13.1,66.0,7.4,8.9,16.8,3.0
816,青森,2022-05-16,13.4,64.0,13.8,6.1,20.5,0.0
817,青森,2022-05-17,14.3,56.0,10.9,8.8,22.8,0.0
818,青森,2022-05-18,15.2,57.0,13.9,7.3,21.8,0.0
819,青森,2022-05-19,16.1,64.0,4.4,10.3,23.2,0.0
820,青森,2022-05-01,10.1,66.0,0.0,6.2,13.8,0.0
821,青森,2022-05-20,16.8,73.0,8.8,12.3,24.8,0.0
822,青森,2022-05-21,16.0,75.0,8.5,10.5,22.0,0.0
823,青森,2022-05-22,15.8,86.0,0.2,14.7,17.4,5.5
824,青森,2022-05-23,16.3,81.0,5.3,13.7,21.0,0.0
825,青森,2022-05-24,17.3,75.0,7.6,14.2,23.7,0.0
826,青森,2022-05-25,17.9,73.0,12.8,12.1,26.0,0.0
827,青森,2022-05-26,17.1,80.0,10.2,13.2,21.0,0.0
828,青森,2022-05-27,15.8,94.0,0.5,13.1,18.4,34.5
829,青森,2022-05-28,15.1,83.0,4.3,12.8,19.4,7.0
830,青森,2022-05-29,16.8,72.0,12.9,12.3,21.5,0.0
831,青森,2022-05-02,9.8,62.0,9.1,5.4,15.0,0.0
832,青森,2022-05-30,16.2,68.0,13.1,10.6,23.2,0.0
833,青森,2022-05-03,10.9,62.0,5.4,6.2,16.1,3.0
834,青森,2022-05-04,14.3,60.0,8.8,9.5,20.1,0.0
835,青森,2022-05-05,12.6,74.0,12.0,7.1,17.8,0.0
836,青森,2022-05-06,15.0,64.0,13.4,7.4,22.2,0.0
837,青森,2022-05-07,16.2,66.0,9.8,10.0,22.7,10.5
838,青森,2022-05-08,12.5,56.0,11.2,8.3,17.6,0.0
839,青森,2022-05-09,13.2,48.0,13.2,5.7,19.7,0.0
840,静岡,2022-05-10,17.3,72.0,7.4,12.8,23.1,0.5
841,静岡,2022-05-11,19.1,64.0,7.8,14.8,24.3,0.0
842,静岡,2022-05-12,18.7,85.0,0.2,16.1,22.3,21.5
843,静岡,2022-05-13,19.5,98.0,0.0,16.7,21.2,67.5
844,静岡,2022-05-14,21.2,77.0,4.3,16.3,25.7,55.0
845,静岡,2022-05-15,17.9,61.0,4.4,14.6,22.4,0.0
846,静岡,2022-05-16,16.6,76.0,0.0,15.0,19.6,1.0
847,静岡,2022-05-17,16.7,80.0,0.0,14.9,18.4,0.0
848,静岡,2022-05-18,18.6,74.0,12.8,12.9,24.2,0.0
849,静岡,2022-05-19,19.7,72.0,9.2,14.0,25.0,0.0
850,静岡,2022-05-01,14.6,78.0,0.0,12.4,17.4,6.5
851,静岡,2022-05-20,20.3,68.0,0.7,15.4,25.1,0.0
852,静岡,2022-05-21,18.1,85.0,0.0,16.1,19.7,5.0
853,静岡,2022-05-22,20.8,74.0,10.8,15.7,27.7,0.0
854,静岡,2022-05-23,22.1,65.0,11.8,16.7,28.8,2.0
855,静岡,2022-05-24,20.8,77.0,3.1,18.5,24.3,0.0
856,静岡,2022-05-25,21.6,72.0,10.9,17.4,26.4,0.0
857,静岡,2022-05-26,19.3,88.0,0.0,18.0,21.4,42.5
858,静岡,2022-05-27,23.4,71.0,9.6,18.4,29.0,68.5
859,静岡,2022-05-28,23.3,45.0,12.2,17.2,28.2,0.0
860,静岡,2022-05-29,24.1,51.0,13.1,19.0,30.5,0.0
861,静岡,2022-05-02,15.1,55.0,9.5,8.5,21.7,0.0
862,静岡,2022-05-30,22.8,68.0,9.3,18.1,28.5,6.0
863,静岡,2022-05-03,15.7,43.0,13.0,9.7,22.1,0.0
864,静岡,2022-05-04,16.9,57.0,11.9,8.5,23.7,0.0
865,静岡,2022-05-05,18.5,66.0,11.9,13.1,24.5,0.0
866,静岡,2022-05-06,18.7,70.0,0.8,14.8,22.6,0.0
867,静岡,2022-05-07,20.7,69.0,11.0,17.3,26.1,0.0
868,静岡,2022-05-08,20.0,57.0,11.5,17.0,24.7,0.0
869,静岡,2022-05-09,17.1,80.0,0.0,13.1,21.9,12.0
870,香川,2022-05-10,17.2,65.0,9.2,11.2,22.0,0.0
871,香川,2022-05-11,18.6,84.0,0.8,16.5,21.5,3.5
872,香川,2022-05-12,18.8,94.0,0.0,17.6,20.5,10.0
873,香川,2022-05-13,18.7,98.0,0.0,17.9,20.1,17.0
874,香川,2022-05-14,19.9,78.0,4.3,17.1,24.3,4.5
875,香川,2022-05-15,17.0,67.0,1.3,13.4,21.3,0.0
876,香川,2022-05-16,18.0,66.0,2.3,13.8,22.7,0.0
877,香川,2022-05-17,18.6,57.0,4.2,14.5,23.7,0.0
878,香川,2022-05-18,19.5,49.0,12.5,12.1,27.0,0.0
879,香川,2022-05-19,20.9,47.0,9.5,13.9,26.6,0.0
880,香川,2022-05-01,16.0,62.0,4.3,12.5,21.9,0.0
881,香川,2022-05-20,19.9,57.0,0.4,16.9,24.0,0.0
882,香川,2022-05-21,19.0,67.0,0.0,16.3,23.0,0.0
883,香川,2022-05-22,22.4,60.0,12.8,14.7,29.5,0.0
884,香川,2022-05-23,23.0,54.0,8.3,18.0,28.4,0.0
885,香川,2022-05-24,22.7,58.0,13.1,16.8,29.1,0.0
886,香川,2022-05-25,23.3,66.0,11.9,18.1,28.6,0.0
887,香川,2022-05-26,22.2,73.0,5.2,18.7,27.4,8.5
888,香川,2022-05-27,23.5,58.0,10.3,18.4,29.3,0.0
889,香川,2022-05-28,25.0,45.0,13.3,20.3,30.5,0.0
890,香川,2022-05-29,24.7,41.0,13.2,19.0,30.0,0.0
891,香川,2022-05-02,15.7,48.0,11.4,8.5,22.4,0.0
892,香川,2022-05-30,20.7,76.0,1.0,17.6,24.5,1.5
893,香川,2022-05-03,15.2,47.0,12.8,10.4,21.3,0.0
894,香川,2022-05-04,17.2,54.0,11.2,9.7,24.3,0.0
895,香川,2022-05-05,18.4,66.0,11.0,12.4,24.4,0.0
896,香川,2022-05-06,20.2,68.0,8.1,14.7,25.8,0.0
897,香川,2022-05-07,21.3,62.0,9.9,15.7,28.2,0.0
898,香川,2022-05-08,18.5,51.0,8.8,15.3,23.1,0.0
899,香川,2022-05-09,15.1,62.0,0.0,13.2,16.8,0.0
900,高知,2022-05-10,18.1,77.0,5.7,13.2,23.2,1.0
901,高知,2022-05-11,19.2,91.0,0.0,17.3,22.2,28.5
902,高知,2022-05-12,19.6,97.0,0.0,18.4,20.6,54.0
903,高知,2022-05-13,20.3,98.0,0.0,19.3,21.6,39.0
904,高知,2022-05-14,22.1,74.0,6.3,16.7,28.3,0.5
905,高知,2022-05-15,17.7,71.0,0.0,13.3,22.0,0.0
906,高知,2022-05-16,17.9,76.0,0.2,15.5,20.8,0.0
907,高知,2022-05-17,17.9,76.0,3.5,15.1,22.8,0.0
908,高知,2022-05-18,18.9,61.0,12.1,13.0,24.9,0.0
909,高知,2022-05-19,19.7,57.0,9.5,12.5,26.8,0.0
910,高知,2022-05-01,16.7,62.0,5.3,12.2,22.5,0.0
911,高知,2022-05-20,19.7,62.0,0.0,15.5,24.3,0.0
912,高知,2022-05-21,18.1,80.0,0.1,15.2,21.2,2.0
913,高知,2022-05-22,20.0,71.0,13.2,13.3,26.6,0.0
914,高知,2022-05-23,21.3,73.0,4.4,15.9,27.2,0.0
915,高知,2022-05-24,21.9,71.0,13.0,16.4,27.4,0.0
916,高知,2022-05-25,22.0,74.0,9.9,16.8,26.8,0.0
917,高知,2022-05-26,20.4,88.0,0.0,18.7,24.7,25.5
918,高知,2022-05-27,23.0,60.0,12.4,17.7,29.4,0.5
919,高知,2022-05-28,22.4,59.0,11.7,15.4,28.6,0.0
920,高知,2022-05-29,22.6,57.0,12.5,16.0,28.4,0.0
921,高知,2022-05-02,17.2,45.0,11.1,11.1,24.7,0.0
922,高知,2022-05-30,19.2,89.0,0.0,17.6,20.4,18.0
923,高知,2022-05-03,16.2,54.0,11.9,12.1,20.1,0.0
924,高知,2022-05-04,17.0,67.0,11.7,10.3,22.8,0.0
925,高知,2022-05-05,19.0,70.0,8.6,12.9,24.7,0.0
926,高知,2022-05-06,19.7,72.0,0.2,16.4,23.6,0.0
927,高知,2022-05-07,20.4,71.0,11.5,14.8,25.9,0.0
928,高知,2022-05-08,20.6,66.0,10.2,17.0,26.0,0.0
929,高知,2022-05-09,17.9,86.0,0.0,14.7,20.2,5.0
930,鹿児島,2022-05-10,21.4,75.0,3.3,19.3,25.2,0.5
931,鹿児島,2022-05-11,21.9,84.0,0.0,20.8,23.9,3.0
932,鹿児島,2022-05-12,21.5,96.0,0.0,20.0,23.4,40.5
933,鹿児島,2022-05-13,21.9,98.0,0.0,21.1,22.7,66.5
934,鹿児島,2022-05-14,22.3,74.0,9.0,17.8,28.3,0.0
935,鹿児島,2022-05-15,18.4,63.0,0.0,15.9,22.6,0.0
936,鹿児島,2022-05-16,17.7,75.0,0.4,15.6,20.9,1.5
937,鹿児島,2022-05-17,19.8,66.0,8.0,15.9,24.6,0.0
938,鹿児島,2022-05-18,21.2,58.0,10.5,15.6,27.9,0.0
939,鹿児島,2022-05-19,21.4,58.0,5.8,16.6,26.6,0.0
940,鹿児島,2022-05-01,18.0,66.0,5.0,15.7,22.9,0.0
941,鹿児島,2022-05-20,19.8,76.0,0.0,17.4,22.5,11.0
942,鹿児島,2022-05-21,19.6,80.0,0.9,16.8,23.3,6.0
943,鹿児島,2022-05-22,22.0,70.0,12.6,16.0,29.4,0.0
944,鹿児島,2022-05-23,21.5,72.0,0.0,17.9,25.4,0.0
945,鹿児島,2022-05-24,22.3,76.0,9.7,17.6,27.6,0.0
946,鹿児島,2022-05-25,23.3,72.0,6.9,20.8,27.2,0.0
947,鹿児島,2022-05-26,21.7,89.0,0.0,20.1,23.1,12.5
948,鹿児島,2022-05-27,23.1,66.0,11.9,19.6,28.4,0.0
949,鹿児島,2022-05-28,21.3,75.0,0.5,17.9,24.2,0.0
950,鹿児島,2022-05-29,20.5,81.0,0.1,18.9,23.6,5.5
951,鹿児島,2022-05-02,17.0,55.0,2.4,14.0,22.1,0.0
952,鹿児島,2022-05-30,21.7,93.0,0.3,19.5,25.3,15.0
953,鹿児島,2022-05-03,17.9,63.0,12.4,13.3,23.6,0.0
954,鹿児島,2022-05-04,19.2,65.0,11.2,12.5,24.9,0.0
955,鹿児島,2022-05-05,21.4,67.0,4.1,18.3,25.8,0.0
956,鹿児島,2022-05-06,20.6,85.0,0.0,19.5,21.8,3.0
957,鹿児島,2022-05-07,22.6,71.0,9.0,19.8,26.8,0.0
958,鹿児島,2022-05-08,22.4,77.0,6.1,18.7,26.6,0.0
959,鹿児島,2022-05-09,21.9,79.0,0.5,19.7,26.2,0.0
